k,avg_spanner_edges,avg_edge_reduction_percent,avg_weight_over_mst,max_observed_stretch,avg_runtime_ms,avg_general_bound_ratio,avg_stretch_utilization
1,1339.025,65.65695062500001,9.645341725,1.0,651.925,0.012013575,1.0
2,539.1,84.41365865,1.7102893000000001,3.0,419.85,0.078995325,0.9985693
3,434.525,86.889200625,1.193905525,5.0,366.7,0.165671875,0.993633125
4,404.375,87.5705643,1.0767049,7.0,345.3,0.24981979999999998,0.98350555
5,392.2,87.87280465,1.03376445,9.0,333.975,0.32325125,0.96716955
